harvestDate,harvester,bioSampleNumber,experimentDesign,strain,genotype1,perturbation1,genotype2,perturbation2,medium,temperature,atmosphere,timePoint,replicate,marker_1,marker_2,experimentObservations,other_conditions,treatment,floodmedia,inductionDelay,rnaDate,rnaPreparer,rnaSampleNumber,rnaPrepMethod,roboticRNAPrep,RIBOSOMAL_BAND,RIBOSOMAL_BAND_SHAPE,SMALL_RNA_BANDS,RIN,s1cDNADate,s1cDNAPreparer,s1cDNASampleNumber,polyAIsolationProtocol,s1cDNAProtocol,roboticS1Prep,s1PrimerSeq,s2cDNADate,s2cDNAPreparer,s2cDNASampleNumber,s2cDNAProtocol,roboticS2Prep,PooledSecondStrand,libraryDate,libraryPreparer,librarySampleNumber,index1Name,index1Sequence,index2Name,index2Sequence,libraryProtocol,roboticLibraryPrep,runNumber,purpose,fastqFileName,NOTES,manualAudit,manualStatus,sequencerModel,flowcellType,tapestationConc,volumePooled,readsObtained,laneNumber
10.25.16,H.BROWN,10,90minuteInduction,TDY1954,CNAG_03710,deletion,NA,NA,DMEM,37,CO2,90,1,G418,NA,NA,noOtherConditions,noTreatment,NA,NA,10.25.16,H.BROWN,10,TRIzol,False,NA,NA,NA,NA,10.25.16,H.BROWN,10,NA,E7420L,NA,NA,10.25.16,H.BROWN,10,E7420L,NA,NA,11.10.16,H.BROWN,10,NA,GGCAGCG,NA,NA,E7420L,NA,1874,fullRNASeq,1874_Brent_10_GGCAGCG_S10_R1_001.fastq.gz,NA,NA,NA,NA,NA,NA,NA,NA,NA
10.25.16,H.BROWN,11,90minuteInduction,TDY1954,CNAG_03710,deletion,NA,NA,DMEM,37,CO2,90,2,G418,NA,NA,noOtherConditions,noTreatment,NA,NA,10.25.16,H.BROWN,11,TRIzol,False,NA,NA,NA,NA,10.25.16,H.BROWN,11,NA,E7420L,NA,NA,10.25.16,H.BROWN,11,E7420L,NA,NA,11.10.16,H.BROWN,11,NA,CCATCAT,NA,NA,E7420L,NA,1874,fullRNASeq,1874_Brent_11_CCATCAT_S11_R1_001.fastq.gz,NA,NA,NA,NA,NA,NA,NA,NA,NA
10.25.16,H.BROWN,12,90minuteInduction,TDY1954,CNAG_03710,deletion,NA,NA,DMEM,37,CO2,90,3,G418,NA,NA,noOtherConditions,noTreatment,NA,NA,10.25.16,H.BROWN,12,TRIzol,False,NA,NA,NA,NA,10.25.16,H.BROWN,12,NA,E7420L,NA,NA,10.25.16,H.BROWN,12,E7420L,NA,NA,11.10.16,H.BROWN,12,NA,TAACAAG,NA,NA,E7420L,NA,1874,fullRNASeq,1874_Brent_12_TAACAAG_S12_R1_001.fastq.gz,NA,NA,NA,NA,NA,NA,NA,NA,NA
11.01.16,H.BROWN,31,90minuteInduction,TDY1954,CNAG_03710,deletion,NA,NA,DMEM,37,CO2,90,1,G418,NA,NA,noOtherConditions,noTreatment,NA,NA,11.01.16,H.BROWN,31,TRIzol,False,NA,NA,NA,NA,11.01.16,H.BROWN,31,NA,E7420L,NA,NA,11.01.16,H.BROWN,31,E7420L,NA,NA,11.10.16,H.BROWN,31,NA,TGCCCAT,NA,NA,E7420L,NA,1874,fullRNASeq,1874_Brent_31_TGCCCAT_S31_R1_001.fastq.gz,NA,NA,NA,NA,NA,NA,NA,NA,NA
11.01.16,H.BROWN,32,90minuteInduction,TDY1954,CNAG_03710,deletion,NA,NA,DMEM,37,CO2,90,2,G418,NA,NA,noOtherConditions,noTreatment,NA,NA,11.01.16,H.BROWN,32,TRIzol,False,NA,NA,NA,NA,11.01.16,H.BROWN,32,NA,E7420L,NA,NA,11.01.16,H.BROWN,32,E7420L,NA,NA,11.10.16,H.BROWN,32,NA,AAACCTT,NA,NA,E7420L,NA,1874,fullRNASeq,1874_Brent_32_AAACCTT_S32_R1_001.fastq.gz,NA,NA,NA,NA,NA,NA,NA,NA,NA
11.01.16,H.BROWN,33,90minuteInduction,TDY1954,CNAG_03710,deletion,NA,NA,DMEM,37,CO2,90,3,G418,NA,NA,noOtherConditions,noTreatment,NA,NA,11.01.16,H.BROWN,33,TRIzol,False,NA,NA,NA,NA,11.01.16,H.BROWN,33,NA,E7420L,NA,NA,11.01.16,H.BROWN,33,E7420L,NA,NA,11.10.16,H.BROWN,33,NA,ACCATAC,NA,NA,E7420L,NA,1874,fullRNASeq,1874_Brent_33_ACCATAC_S33_R1_001.fastq.gz,NA,1,[32],NA,NA,NA,NA,NA,NA
07.27.18,H.BROWN,210,90minuteInduction,TDY1954,CNAG_03710,deletion,NA,NA,DMEM,37,CO2,90,7,G418,NA,NA,noOtherConditions,noTreatment,NA,NA,07.27.18,H.BROWN,210,TRIzol,False,NA,NA,NA,NA,07.27.18,H.BROWN,210,NA,E7420L,NA,NA,07.27.18,H.BROWN,210,E7420L,NA,NA,08.14.18,H.BROWN,210,NA,AGTTATG,NA,NA,E7420L,NA,4019,fullRNASeq,4019_Brent_hlb4_AGTTATG_S42_R1_001.fastq.gz,NA,1,[32],NA,NA,NA,NA,NA,NA
06.07.16,S.GISH,11,90minuteInduction,TDY1954,CNAG_03710,deletion,NA,NA,DMEM,37,CO2,90,1,G418,NA,NA,noOtherConditions,noTreatment,NA,NA,06.07.16,S.GISH,11,TRIzol,False,NA,NA,NA,NA,06.07.16,S.GISH,11,NA,E7420L,NA,NA,06.07.16,S.GISH,11,E7420L,NA,NA,06.09.16,S.GISH,11,NA,TGGCATA,NA,NA,E7420L,NA,1601,fullRNASeq,Brent_1601_36_TGGCATA_S35_R1_001.fastq.gz,NA,NA,NA,NA,NA,NA,NA,NA,NA
06.07.16,S.GISH,12,90minuteInduction,TDY1954,CNAG_03710,deletion,NA,NA,DMEM,37,CO2,90,2,G418,NA,NA,noOtherConditions,noTreatment,NA,NA,06.07.16,S.GISH,12,TRIzol,False,NA,NA,NA,NA,06.07.16,S.GISH,12,NA,E7420L,NA,NA,06.07.16,S.GISH,12,E7420L,NA,NA,06.09.16,S.GISH,12,NA,TTTTGTC,NA,NA,E7420L,NA,1601,fullRNASeq,Brent_1601_37_TTTTGTC_S36_R1_001.fastq.gz,NA,NA,NA,NA,NA,NA,NA,NA,NA
